h11,cy_index,axion_index,tau,f_GeV,Lambda2_GeV,mass_eV
1,0,0,0.49999999999999956,6.712429301760324e+17,5.06186768414106e+17,1.8362424774665557e+27
1,1,0,2.499999999999998,1.3424858603520648e+17,945274801561682.9,1.7145388340992054e+25
1,2,0,1.4999999999999987,2.237476433920108e+17,2.1874313636450256e+16,2.3805369700111993e+26
1,3,0,0.49999999999999956,6.712429301760324e+17,5.06186768414106e+17,1.8362424774665557e+27
1,4,0,0.9999999999999991,3.356214650880162e+17,1.0522589097228571e+17,7.634346165860431e+26
2,0,0,1.4999999999999987,1.7688804355346922e+17,2.1874313636450256e+16,3.0111675517885358e+26
2,0,1,1.4999999999999987,1.7331417932208278e+17,2.1874313636450256e+16,3.0732600132948135e+26
2,1,0,2.499999999999999,1.2835426125758894e+17,945274801561678.6,1.7932744259915228e+25
2,1,1,2.499999999999999,5.9099644623815496e+16,945274801561678.6,3.894683557665843e+25
2,2,0,0.49999999999999956,9.715990600699078e+16,5.06186768414106e+17,1.2685940443372424e+28
2,2,1,5.499999999999995,5.8204143672822056e+16,76283220457.39392,3.191347386844013e+21
2,3,0,5.4999999999999964,1.215046595764754e+17,76283220457.39366,1.5287450083084442e+21
2,3,1,5.4999999999999964,4.654232313543037e+16,76283220457.39366,3.9909834597910635e+21
2,4,0,4.4999999999999964,5.8962681184489736e+16,1765246557643.0828,7.289993062580748e+22
2,4,1,4.4999999999999964,5.777139310736092e+16,1765246557643.0828,7.44031801323003e+22
2,5,0,8.999999999999993,5.8585814278226984e+16,1279710.640357599,5.318856531501396e+16
2,5,1,8.999999999999993,3.2000251110921908e+16,1279710.640357599,9.737721739962246e+16
2,6,0,1.9999999999999982,1.113130471286314e+17,4547223051708978.0,9.94716110692414e+25
2,6,1,1.9999999999999982,3.5777368390542276e+16,4547223051708978.0,3.094830231794904e+26
2,7,0,7.999999999999993,9.784963089028619e+16,29613390.587412324,7.369328368872512e+17
2,7,1,7.999999999999993,4.070008090536591e+16,29613390.587412324,1.7717067012228518e+18
2,8,0,4.999999999999996,5.872152401363987e+16,366958706557.48615,1.5216642712813886e+22
2,8,1,4.999999999999996,9.688557160719138e+16,366958706557.48615,9.222678213534481e+21
2,9,0,8.999999999999993,5.028978587810814e+16,1279710.640357599,6.1962789358926936e+16
2,9,1,5.499999999999995,3.746512693388737e+16,76283220457.39392,4.957934405014463e+21
3,0,0,1.9999999999999982,1.165825288601328e+17,4547223051708978.0,9.497553569279084e+25
3,0,1,1.9999999999999982,9.979783746833904e+16,4547223051708978.0,1.10949178978193e+26
3,0,2,1.9999999999999982,3.983093988626064e+16,4547223051708978.0,2.779871166115949e+26
3,1,0,4.999999999999995,6.22804042568908e+16,366958706557.4868,1.4347120272081685e+22
3,1,1,0.49999999999999956,9.811091207874563e+16,5.06186768414106e+17,1.2562973424394108e+28
3,1,2,0.49999999999999956,9.791084430314882e+16,5.06186768414106e+17,1.2588644188095402e+28
3,2,0,5.000000033916562,1.0787282744159717e+17,366958667457.2908,8.2833126418446e+21
3,2,1,5.000000033916564,1.6000128657088525e+17,366958667457.2888,5.584607314158265e+21
3,2,2,0.4999995409392701,3.4662839376921628e+16,5.0618749842798483e+17,3.555873035296643e+28
3,3,0,9.000000000000005,3.1684766239767376e+16,1279710.6403575488,9.834680128899411e+16
3,3,1,9.0,3.0605762609395184e+16,1279710.6403575717,1.0181400963732645e+17
3,3,2,9.000000000000005,1.4094776686952956e+16,1279710.6403575488,2.2108157358428336e+17
3,4,0,7.499999999999993,1.6140785283187832e+16,142454545.5944395,2.1490702740700324e+19
3,4,1,9.999999999999991,1.956982753651086e+16,55301.311013693325,6880934033123922.0
3,4,2,25.49999999999998,9006119244958983.0,3.934612275681847e-17,1.0638079100105154e-05
3,5,0,9.499999999999993,6.203493944197359e+16,266025.7057691004,1.0442060544826916e+16
3,5,1,7.499999999999993,4.101726663778963e+16,142454545.5944395,8.456848711680827e+18
3,5,2,14.999999999999986,1.6275246228759926e+16,0.00833400310493562,1246881139.3254392
3,6,0,9.99999999999999,2.1905633415366508e+16,55301.31101369352,6147217465251767.0
3,6,1,25.499999999999968,1.104475258418458e+16,3.9346122756819587e-17,8.674509291411988e-06
3,6,2,15.49999999999998,1.1758110690833402e+16,0.001732469034759973,358778906.795742
3,7,0,35.99999999999997,9733538108557540.0,1.8575915517451264e-31,4.647061919367883e-20
3,7,1,25.49999999999998,2.238046989213088e+16,3.934612275681847e-17,4.280866727759797e-06
3,7,2,7.499999999999993,1.4861568269436128e+16,142454545.5944395,2.3340525860641305e+19
3,8,0,10.99999999999999,2.732317394226706e+16,2389.7863340252,212974149183655.8
3,8,1,15.999999999999982,1.9307776914043588e+16,0.000360144928986716,45419672.39350058
3,8,2,15.999999999999982,7590604228004700.0,0.000360144928986716,115531369.53804444
3,9,0,15.999999999999988,1.0832136207630173e+17,0.0003601449289867083,8095844.487857415
3,9,1,1.9999999999999982,9.688557160719138e+16,4547223051708978.0,1.1428418026786458e+26
3,9,2,5.999999999999995,4.3328544830520696e+16,15857723551.35485,8.911805600346314e+20
4,0,0,4.999999999999996,4.3281227958528424e+16,366958706557.48615,2.064508084945424e+22
4,0,1,4.999999999999996,4.723549708019855e+16,366958706557.48615,1.891679998519712e+22
4,0,2,4.999999999999996,1.8774586440749372e+16,366958706557.48615,4.7593296038099765e+22
4,0,3,4.999999999999996,2.768159188776896e+16,366958706557.48615,3.2279373747370687e+22
4,1,0,21.49999999999998,2.1333081314095732e+16,1.1282552367353649e-11,1.2878127922548852
4,1,1,21.49999999999998,1.0089163251613044e+16,1.1282552367353649e-11,2.723022150535009
4,1,2,21.49999999999998,1.4354221723704104e+16,1.1282552367353649e-11,1.9139327469867682
4,1,3,21.49999999999998,1.0721034437783948e+16,1.1282552367353649e-11,2.5625339769158364
4,2,0,37.99999999999996,1.6021444852799314e+16,3.4689458417887745e-34,5.2722355582554104e-23
4,2,1,16.499999999999982,2.26115409260026e+16,7.486677526263363e-05,8062281.043167325
4,2,2,7.499999999999994,2.278534472026388e+16,142454545.59443897,1.5223680957258815e+19
4,2,3,7.500000000000002,7047388343476492.0,142454545.59443545,4.922061927288872e+19
4,3,0,4.999999999999996,4.48493047859453e+16,366958706557.48615,1.9923262015590806e+22
4,3,1,4.999999999999996,4.4222010888367304e+16,366958706557.48615,2.020587559265713e+22
4,3,2,4.999999999999996,2.166427241526034e+16,366958706557.48615,4.124507084013886e+22
4,3,3,12.99999999999999,2.15301270238203e+16,4.4627891198104415,504729558479.4096
4,4,0,2.9999999999999973,7.7749746402095e+16,196503325283693.53,6.154175662403199e+24
4,4,1,7.999999999999993,3.30974784662001e+16,29613390.587412324,2.1786737063365102e+18
4,4,2,2.9999999999999973,3.92600148512064e+16,196503325283693.53,1.2187606114751397e+25
4,4,3,4.999999999999996,3.875422864287655e+16,366958706557.48615,2.3056695533836205e+22
4,5,0,2.9999999999999973,6.559184204932751e+16,196503325283693.53,7.294894946020187e+24
4,5,1,2.9999999999999973,6.5320239052241016e+16,196503325283693.53,7.325227280370429e+24
4,5,2,2.9999999999999973,6.499281724578104e+16,196503325283693.53,7.362130422140675e+24
4,5,3,2.9999999999999973,6.459038107146091e+16,196503325283693.53,7.408000837406598e+24
4,6,2,25.49999999999997,1.034184615774694e+16,3.9346122756819026e-17,9.264091483423003e-06
4,6,3,25.49999999999997,1.1137989512612628e+16,3.9346122756819026e-17,8.601894336887446e-06
4,7,0,23.999999999999844,9998380548248144.0,4.379922977480068e-15,0.0010666839893419182
4,7,1,20.5,8428515903462295.0,2.6108607644614923e-10,75.42782186425252
4,7,3,35.499999999999716,5323804971227080.0,8.935902142749448e-31,4.087099703162062e-19
4,8,0,17.49999999999998,1.5482994709046196e+16,3.2352867068716905e-06,508811.3300606993
4,8,1,9.499999999999993,1.6914208621890038e+16,266025.7057691004,3.829754072616941e+16
4,8,2,16.499999999999986,2.768568649497837e+16,7.48667752626331e-05,6584651.523724264
4,8,3,10.499999999999986,7775768126422746.0,11496.013105168517,3600003428081061.0
4,9,0,17.49999999999996,1.6509723814950392e+16,3.2352867068718743e-06,477168.6806837528
4,9,1,12.000000000000014,1.6278850131682072e+16,103.27203130643724,15447491327521.111
4,9,2,37.999999999999886,8742615640948934.0,3.468945841789563e-34,9.6617345102006e-23
4,9,3,20.99999999999997,5008020682430640.0,5.427446296271306e-11,26.389331373540443
5,0,4,42.49999999999991,807866125519997.9,2.5148027539502083e-40,7.579900323122504e-28
5,1,0,22.999999999999964,1.0207450734878832e+16,1.0135445137707513e-13,0.0241782297571978
5,1,1,22.999999999999964,8241360914046515.0,1.0135445137707513e-13,0.029946278494191063
5,1,2,22.999999999999964,9276857737753058.0,1.0135445137707513e-13,0.02660362981517001
5,1,3,16.99999999999996,1.1408010167839144e+16,1.556327352434506e-05,3321926.4774689823
5,1,4,16.99999999999997,4313220105528581.5,1.5563273524344508e-05,8786143.555067817
5,2,0,20.875000000000046,2.0250081583055e+16,8.037899635327533e-11,9.665287288719059
5,2,1,70.37500000000007,7175841327168005.0,2.3362163764492485e-78,7.927553881544647e-67
5,2,2,17.375000000000007,9021955937055756.0,4.7913711940758585e-06,1293177.3263993734
5,2,3,35.50000000000005,3967168555863793.0,8.935902142740052e-31,5.484748482746113e-19
5,2,4,34.87500000000004,3850903280488447.0,6.366102477157577e-30,4.025408690584538e-18
5,3,0,9.99999999999999,1.9350638732598292e+16,55301.31101369352,6958875837596836.0
5,3,1,9.999999999999993,2.2612901170871852e+16,55301.31101369293,5954949844816859.0
5,3,2,8.999999999999996,1.8865956766403772e+16,1279710.6403575852,1.651702825281471e+17
5,3,3,6.9999999999999964,2.770349053127014e+16,685274369.39774,6.0232232743380345e+19
5,3,4,8.999999999999996,1.0110181021096228e+16,1279710.6403575852,3.082136118798047e+17
5,4,0,38.49999999999995,1.1910492517707758e+16,7.211229919748018e-35,1.474275293694221e-23
5,4,1,38.49999999999996,1.2234649782354332e+16,7.211229919747915e-35,1.435214343438869e-23
5,4,2,21.499999999999982,7815867651812886.0,1.1282552367353489e-11,3.5150307347045975
5,4,3,16.99999999999997,3742746326094685.5,1.5563273524344508e-05,10125337.84818954
5,4,4,16.99999999999998,3735358183501547.5,1.5563273524344172e-05,10145364.693313984
5,5,0,72.4999999999992,3727391536626839.0,2.945868197868942e-81,1.924452795292432e-69
5,5,1,72.4999999999992,3178902501174568.5,2.945868197868942e-81,2.2564986057799698e-69
5,6,0,47.49999999999949,5250378666193328.0,3.7898511944065254e-47,1.757642304506516e-35
5,6,1,59.499999999999496,6243008025384611.0,1.607333187661147e-63,6.269183534669209e-52
5,6,2,36.99999999999949,4091268212659955.0,8.027380948470954e-33,4.777656118716896e-21
5,6,4,11.5,2430843238466749.0,496.78777068598407,497637281778554.4
5,7,3,24.500000000000014,3269485776922092.5,9.104965330070245e-16,0.0006781063473410346
5,7,4,54.50000000000003,1923055899134390.0,1.066565867496394e-56,1.3505004657029084e-44
5,8,0,36.49999999999997,9475450018691168.0,3.8615534480953337e-32,9.9234153813952e-21
5,8,1,36.499999999999964,2.5130650499465416e+16,3.8615534480953884e-32,3.741599385305324e-21
5,8,2,15.499999999999984,1.4575864997452152e+16,0.0017324690347599607,289421046.3926433
5,8,3,15.999999999999984,1.212615889566764e+16,0.0003601449289867134,72319100.35386057
5,8,4,15.999999999999984,7761200904507055.0,0.0003601449289867134,112991908.45238736
5,9,0,23.5,8756576421128073.0,2.106952041352769e-14,0.005858943009182419
5,9,1,16.49999999999996,1.0205118633413266e+16,7.486677526263894e-05,17863643.168991994
5,9,2,71.00000000000004,5860036499554027.0,3.2792750350982406e-79,1.3626254223965859e-67
5,9,3,16.500000000000004,3320466316901788.0,7.486677526262883e-05,54902107.22408399
5,9,4,14.500000000000068,5746782822872282.0,0.04009053342917735,16986973739.727205
6,0,0,35.499350337294,7364803529190386.0,8.954158725122206e-31,2.9604831153003505e-19
6,0,1,22.999641684523564,1.0386109462042328e+16,1.0146860842462159e-13,0.023789086993251125
6,0,2,20.999698979527953,6528843232254543.0,5.432581371480884e-11,20.261377351203357
6,0,3,24.99957562896209,7193052367506368.0,1.8952614162018094e-16,6.415859794513474e-05
6,0,4,37.499293042289615,2959491314506303.5,1.6724388708118923e-33,1.376043453976585e-21
6,0,5,15.499735281188151,2859535715615605.5,0.001733910422285405,1476488597.5050766
6,2,1,70.0,2697983663298245.5,7.588469564556479e-78,6.84878994675084e-66
6,2,5,7.500000000000024,3344363160846324.5,142454545.59442532,1.0371984196675728e+20
6,3,0,18.99999999999997,1.3991487291171866e+16,2.906352202462053e-08,5058.052418387582
6,3,1,18.999999999999975,1.905042624796973e+16,2.9063522024620116e-08,3714.8605080420266
6,3,2,21.49999999999997,1.2252148717484336e+16,1.128255236735381e-11,2.2423017911381837
6,3,3,21.49999999999997,9751188455948086.0,1.128255236735381e-11,2.817401708378262
6,3,4,21.49999999999997,1.0853166973246994e+16,1.128255236735381e-11,2.531336252563641
6,3,5,21.49999999999997,9334529996912426.0,1.128255236735381e-11,2.94315996880333
6,5,0,18.999999999999982,1.154081945198218e+16,2.9063522024619494e-08,6132.118817420153
6,5,1,18.999999999999982,1.932153551396971e+16,2.9063522024619494e-08,3662.735608087727
6,5,2,21.499999999999975,1.4552022930987262e+16,1.1282552367353649e-11,1.8879172431761875
6,5,3,21.499999999999975,1.099595046920777e+16,1.1282552367353649e-11,2.498466602904359
6,5,4,21.49999999999999,9686356391824248.0,1.1282552367353169e-11,2.8362589505475473
6,5,5,21.499999999999975,9334529996912428.0,1.1282552367353649e-11,2.9431599688032875
6,6,1,53.37500000000011,5686163389731022.0,3.6551994461547416e-55,1.5652752201001772e-43
6,6,2,64.37500000000011,5680395204241987.0,3.587328823226524e-70,1.5377707660258185e-58
6,6,5,33.1250000000001,1492532916529440.0,1.5542906860369835e-27,2.5357550098798116e-15
6,7,1,43.49999999999995,4982584549591497.0,1.0867448065869938e-41,5.3109457104070296e-30
6,7,2,62.49999999999989,3119413337683325.5,1.2971101281883272e-67,1.0125183232319742e-55
6,7,3,47.49999999999991,5528163949859695.0,3.789851194401463e-47,1.6693223540524294e-35
6,7,4,3.9999999999999947,2482049685074081.0,8491678637369.045,8.330710543925505e+24
6,7,5,30.99999999999993,2070909051492979.2,1.2326279081734911e-24,1.449338856401549e-12
6,8,2,11.499999999999844,3682597750346246.5,496.7877706862276,328485027045711.8
6,8,3,55.499999999999204,1923815540125993.2,4.609049022103822e-58,5.8337372449376275e-46
6,9,0,68.49999999999974,8410962116456700.0,8.447315740649964e-76,2.4455244886001092e-64
6,9,1,12.999999999999973,8750726311248668.0,4.4627891198106635,1241827377548.0857
6,9,2,68.49999999999974,5858135094394238.0,8.447315740649964e-76,3.511222171739559e-64
6,9,3,15.499999999999966,2239139105245839.5,0.0017324690347600591,1884010729.7297995
6,9,4,38.99999999999986,2870055545260921.5,1.4990674206855907e-35,1.2718322387163291e-23
6,9,5,28.999999999999872,3245788773941059.5,6.60061959193977e-22,4.951803652601209e-10
7,0,2,37.4999999999994,1727728148568243.5,1.6687285507747788e-33,2.3518480175853245e-21
7,0,3,37.4999999999997,916176821947681.2,1.6687285507732136e-33,4.4351198631008535e-21
7,1,0,74.99999999999993,5936725222143876.0,1.1435954727560902e-84,4.690557288678896e-73
7,1,4,43.49999999999995,2279753116432180.5,1.0867448065869938e-41,1.1607500763857608e-29
7,1,5,65.49999999999991,781712578769889.4,1.0467616158034841e-71,3.260615990716693e-59
7,1,6,49.49999999999993,938435158252045.2,7.077330067239402e-50,1.8363867297797276e-37
7,2,0,68.99999999999193,1.043037820270453e+16,1.7560244175105185e-76,4.099486493720231e-65
7,2,2,11.499999999999119,2182965731298053.2,496.7877706873572,554144393693439.2
7,2,3,72.49999999999008,2576038147228000.5,2.9458681979533384e-81,2.784581847025533e-69
7,2,5,54.999999999992355,1445146802738090.5,2.2171726069067815e-57,3.735824822494841e-45
7,2,6,48.99999999999382,2001330921417753.5,3.4045336206735062e-49,4.142263169784675e-37
7,3,0,42.999999999999936,5707166394376681.0,5.227761310968569e-41,2.2304586746850497e-29
7,3,2,42.99999999999995,2845499693954435.5,5.227761310968272e-41,4.473589935452504e-29
7,3,3,48.99999999999994,3109934531488620.0,3.404533620607998e-49,2.6656636280418143e-37
7,3,4,20.999999999999975,3656806410657870.0,5.427446296271228e-11,36.1403646988326
7,3,5,51.999999999999936,1659805207553816.5,2.7474422073495672e-53,4.0306065702467577e-41
7,3,6,29.999999999999954,2114090668057687.5,2.8523863553626505e-23,3.2853656090773345e-11
7,4,1,74.99999999999993,3985259672286459.0,1.1435954727560902e-84,6.987386532239297e-73
7,4,2,10.000000000000014,2133990106603521.2,55301.3110136892,6.3101835337304936e+16
7,4,3,65.99999999999996,2682225669280793.5,2.1760036123343753e-72,1.9754373603675755e-60
7,4,4,74.99999999999993,2956915868462739.0,1.1435954727560902e-84,9.417430525707804e-73
7,4,5,17.999999999999986,1316386777660153.0,6.725500299977232e-07,1244056.3448649624
7,4,6,65.99999999999996,1208155025922333.5,2.1760036123343753e-72,4.38566962214899e-60
7,5,4,42.499999999998714,826751689518452.4,2.514802753959643e-40,7.4067519710282475e-28
7,5,5,34.99999999999892,396240407519211.06,4.298595513632394e-30,2.6415983521790116e-17
7,6,3,29.499999999999964,3867365986289556.5,1.3721340044245762e-22,8.639333108422508e-11
7,6,4,66.99999999999943,2463867044863769.0,9.403364224524687e-74,9.29319296447006e-62
7,7,1,42.49999999999996,8168770839021304.0,2.5148027539498506e-40,7.496286560783905e-29
7,7,2,42.49999999999997,6252765815250750.0,2.514802753949708e-40,9.793337679354575e-29
7,7,3,42.49999999999994,5695389354820103.0,2.5148027539499224e-40,1.0751757824398085e-28
7,7,4,42.49999999999995,3393361143371210.0,2.5148027539499224e-40,1.8045661652695441e-28
7,7,5,11.999999999999968,4830786829814459.0,103.27203130645191,52055163080104.03
7,7,6,11.999999999999973,4830711257241995.0,103.27203130645044,52055977441048.195
7,8,1,9.999999999999991,3927413728024499.0,55301.311013693325,3.428686195128135e+16
7,8,2,67.49999999999991,3996195813083473.0,1.9547673712631133e-74,1.1910974265680351e-62
7,8,3,67.49999999999987,2680010846861011.5,1.9547673712633913e-74,1.7760594344613895e-62
7,8,5,49.99999999999986,1824718615902897.8,1.4712323760725782e-50,1.963289465298779e-38
7,8,6,48.99999999999986,1372607437986273.2,3.4045336206088687e-49,6.03962876548648e-37
8,0,0,66.99399352229324,1.0715882971399588e+16,9.582489549671952e-74,2.17745584901658e-62
8,0,1,9.499325210858501,3821568584049977.5,266590.25520355406,1.69864090397328e+17
8,0,2,67.49452661579141,4042373232901786.5,1.988670526416324e-74,1.1979133179515094e-62
8,0,5,48.99579735401015,2384347847155788.0,3.449781732166227e-49,3.523067545637318e-37
8,0,6,42.995897907276316,1353641984716441.5,5.295567994050842e-41,9.525936851179272e-29
8,0,7,10.999421881443354,1460161495377564.2,2394.1306389545807,3992509132934625.0
8,1,1,19.999999999999986,2602434597994079.5,1.2559486652292384e-09,1175.143844994391
8,1,5,65.99999999999979,2449027597142225.5,2.1760036123355503e-72,2.163539848313663e-60
8,1,6,12.999999999999986,971698141281681.0,4.4627891198105045,11183402586738.533
8,1,7,15.999999999999964,992550320862106.5,0.00036014492898673645,883534953.9970951
8,2,6,19.499999999999886,1000004174622845.4,6.041712645740775e-09,14711.508877377737
8,2,7,19.499999999999886,1192277904078198.0,6.041712645740775e-09,12339.044648951154
8,3,0,55.99999999999979,9026163884877282.0,9.581271580930982e-59,2.5847521269423676e-47
8,3,1,55.999999999999815,4963862174312807.0,9.581271580929893e-59,4.700049171448667e-47
8,3,2,70.99999999999972,6058640408790612.0,3.279275035101595e-79,1.317958183965948e-67
8,3,3,70.99999999999967,3743074690966961.0,3.2792750351020614e-79,2.1332822264390133e-67
8,3,4,33.499999999999844,3712763663141121.5,4.785101032026256e-28,3.138287828190548e-16
8,3,5,14.999999999999943,1801584532483792.5,0.008334003104936748,11264138426.268124
8,3,6,14.999999999999943,1801086347196599.0,0.008334003104936748,11267254116.998672
8,3,7,48.99999999999981,6044290912263349.0,3.404533620609449e-49,1.3715487038130856e-37
8,4,6,20.4999999999998,4033183563527660.0,2.610860764463125e-10,157.6284803637133
8,4,7,19.499999999999904,1083841810109567.0,6.041712645740431e-09,13573.540119190213
8,5,6,71.25000000000001,902412237410387.8,1.4951465199325946e-79,4.0343887473017546e-67
8,5,7,41.500000000000014,982814577619233.9,5.819427756120978e-39,1.4418087509935676e-26
8,6,6,24.999999999999886,4033182808702817.5,1.8927363355041413e-16,0.00011427235499981972
8,6,7,19.50000000000007,1192277904078189.5,6.041712645737254e-09,12339.044648944053
8,7,5,27.499999999999922,2364834792359806.5,7.347663096312402e-20,7.565669998311884e-08
8,7,6,7.499999999999988,916493546244549.6,142454545.59444153,3.78482554453152e+20
8,7,7,41.99999999999988,1042886232083609.6,1.2097401765468162e-39,2.8245816650644356e-27
8,8,1,34.00000000000006,1424722609347952.0,9.947247753325528e-29,1.7000887134396678e-16
8,8,7,32.00000000000004,609224495792558.6,5.326668167343547e-26,2.1290077922109648e-13
8,9,1,28.999999999999886,7092972616928793.0,6.600619591939395e-22,2.2659764212274246e-10
8,9,2,58.49999999999983,3432366741852807.0,3.7194803254093462e-62,2.638684987223359e-50
8,9,3,58.49999999999983,4426728811465230.0,3.7194803254093462e-62,2.0459655375577314e-50
8,9,6,9.499999999999993,2092174498917726.0,266025.7057691004,3.0961690522604576e+17
8,9,7,27.000000000000103,4012590388021810.0,3.5345767127744366e-19,2.1449222231349703e-07
9,0,7,72.99999999999346,393967156316281.06,6.123858329692162e-82,3.7849843048411947e-69
9,0,8,49.139999999995155,783782245842244.4,2.1930318432768312e-49,6.8131583315474815e-37
9,1,3,28.999999999999595,975055650288338.4,6.600619591945492e-22,1.6483683471435086e-09
9,1,7,26.999999999999634,652074368901906.0,3.5345767127796607e-19,1.3198945865809995e-06
9,1,8,67.49999999999912,660109670416702.5,1.9547673712680023e-74,7.210708708498188e-62
9,2,8,0.49999999999999556,408805642097692.2,5.061867684141124e+17,3.015038576189264e+30
9,3,2,35.499999999985604,1749125724975750.5,8.93590214314565e-31,1.243988434213974e-18
9,3,7,30.999999999989683,1069669626065051.9,1.232627908213184e-24,2.8059588524920593e-12
9,3,8,19.49999999999378,832933266229000.5,6.041712645856683e-09,17662.363708038447
9,4,6,39.99999999999956,550678069951989.25,6.4780576989451546e-37,2.864481329047062e-24
9,4,8,14.999999999999687,423608504228956.25,0.008334003104943439,47905784133.09887
9,5,1,66.49999999999984,5100301067588231.0,4.5234670906995426e-73,2.1596063094882864e-61
9,5,2,45.99999999999991,2086452192374748.0,4.218778157679043e-45,4.923537117932383e-33
9,5,4,66.49999999999994,1673121125223964.8,4.523467090698128e-73,6.583290474188184e-61
9,5,7,13.499999999999984,1587482074412851.2,0.9277227115690023,1423011219516.315
9,5,8,6.999999999999996,932501327697902.9,685274369.3977424,1.789427038782816e+21
9,6,4,16.99999999999993,399040403778690.8,1.5563273524346605e-05,94969257.93209039
9,6,7,21.999999999999986,431561156629870.44,2.3454122062807083e-12,13.233532801914436
9,6,8,1.9999999999999858,327591515971499.25,4547223051709156.0,3.379967914637664e+28
9,7,6,39.999999999944976,483008755750673.1,6.4780577000560274e-37,3.2657939036987e-24
9,7,7,62.99999999990291,632117834851728.9,2.6964270401022828e-68,1.0386987173347433e-55
9,7,8,58.49999999989677,632116022825428.2,3.719480326613534e-62,1.4327962380737204e-49
9,8,0,65.00038711877382,2880272860679486.5,5.029302870498001e-71,4.2518028957761975e-59
9,8,1,60.50034620651135,5493568441767703.0,6.938365950836479e-65,3.0754001282362166e-53
9,8,2,56.49996438725434,2812126921848563.0,1.9919735281502673e-59,1.7248352140014483e-47
9,8,4,35.999962271000044,1008397435036156.8,1.8578117435402707e-31,4.486099863352345e-19
9,8,5,74.50040321658804,2697352980042800.5,5.4942759131014495e-84,4.959885468230317e-72
9,8,6,11.500293070720542,2909719264824631.5,496.3305843025986,415354493949665.44
9,8,8,30.000087161523783,1236058454278180.0,2.8516054047352977e-23,5.617581544382003e-11
9,9,4,42.499999999999915,1460138369559292.2,2.514802753950137e-40,4.193811239764098e-28
9,9,5,26.999999999999986,1873951908426393.8,3.534576712775743e-19,4.592804253357921e-07
9,9,7,25.999999999999837,712663818826140.1,8.179255329736142e-18,2.794653832814584e-05
9,9,8,44.9999999999999,992133906203564.6,9.762544863273524e-44,2.3960270477031325e-31
10,0,9,0.49999998718703864,105069112927201.05,5.0618678878969504e+17,1.1730991119691963e+31
10,1,6,40.0,804844308731785.2,6.478057698936224e-37,1.9598909162649522e-24
10,1,9,51.99999999999986,375516069082018.3,2.7474422073501922e-53,1.781554060057152e-40
10,2,1,29.49999999999875,2074610232682153.2,1.372134004429802e-22,1.6104935029010137e-10
10,2,6,58.99999999999898,3324006174314852.5,7.732039942931588e-63,5.66410417842234e-51
10,2,7,30.99999999999892,818504024789898.5,1.232627908177415e-24,3.666993521726965e-12
10,2,8,19.49999999999929,845010049465078.2,6.041712645752107e-09,17409.935303987608
10,2,9,31.999999999998973,1085187972014188.5,5.326668167361411e-26,1.195224912367113e-13
10,3,1,3.9999999999999645,2172408653491635.8,8491678637369.858,9.518115962556958e+24
10,3,5,10.999999999999545,1100136067971203.4,2389.7863340285453,5289463633431048.0
10,3,8,8.99999999999875,1165043231206427.5,1279710.6403625999,2.674660755769678e+18
10,4,4,30.99999999991121,1638801183996349.5,1.2326279085170462e-24,1.8314905960219837e-12
10,4,5,2.9999999999957936,390425976697621.2,196503325286288.44,1.2255475445546285e+27
10,4,6,59.99999999988319,842123958541049.0,3.3413174222760894e-64,9.66141366805168e-52
10,4,9,18.999999999937472,834858602341386.0,2.9063522030327192e-08,84768.45773089124
10,5,0,67.99999999999935,1667137038567466.8,4.063562130031983e-75,5.935189224234519e-63
10,5,2,29.499999999999755,1483587109783341.8,1.3721340044254733e-22,2.2520728838524066e-10
10,5,6,23.000000000000114,789319637932628.4,1.0135445137702758e-13,0.31267192306208325
10,5,8,53.499999999999545,629804302395140.1,2.4681072912385244e-55,9.542394726918242e-43
10,5,9,7.999999999999956,846170265312328.0,29613390.5874158,8.521760812966126e+19
10,6,3,68.99999999998707,434886821644523.2,1.7560244175373697e-76,9.832258058623435e-64
10,6,6,10.499999999997385,620594290178908.2,11496.013105262373,4.510642839340974e+16
10,6,9,70.999999999983,557964920032221.25,3.2792750352737407e-79,1.43109977423499e-66
10,7,2,51.499999999428326,724320601096506.8,1.3216508617698334e-52,4.443087554789508e-40
10,7,9,6.999999999934744,849386116907547.2,685274369.5382203,1.9645283300612186e+21
10,8,2,23.49999999977331,1577665057321823.0,2.106952042853292e-14,0.03251912185376636
10,8,5,42.99999999950205,933447730311151.2,5.227761319145626e-41,1.363718438511428e-28
10,8,7,19.999999999733802,1139772337293502.0,1.2559486662795187e-09,2683.1981285426687
10,8,9,10.999999999837314,1065583104741056.0,2389.7863352465192,5460981598182680.0
10,9,0,30.99999999999997,5150463763311148.0,1.2326279081733337e-24,5.82753145024068e-13
10,9,1,31.000000000000057,4637062630022907.0,1.2326279081730009e-24,6.472737583849347e-13
10,9,2,53.99999999999997,3644932703641957.5,5.1306909809020845e-56,3.4275619206943217e-44
10,9,3,53.99999999999993,3638916558331766.0,5.1306909809028135e-56,3.433228637764032e-44
10,9,4,62.99999999999998,1548357433279010.2,2.696427039280044e-68,4.240493635079004e-56
10,9,5,62.999999999999936,2178165588432883.8,2.696427039280351e-68,3.0143713019410634e-56
10,9,6,68.99999999999997,1901952985207073.0,1.7560244174661492e-76,2.248173056740694e-64
10,9,7,4.999999999999993,1888305138943636.5,366958706557.48944,4.7319918377564616e+23
10,9,8,10.999999999999844,3245854133590990.0,2389.786334026304,1792788426051716.8
10,9,9,11.0,1536077296101874.8,2389.7863340251324,3788305274818191.5
